{
  "rounds": [
    1,
    2,
    3,
    4,
    5,
    6,
    7,
    8,
    9,
    10,
    11,
    12,
    13,
    14,
    15,
    16,
    17,
    18,
    19,
    20
  ],
  "accuracy": [
    0.5267,
    0.662,
    0.6839,
    0.6809,
    0.7393,
    0.7436,
    0.757,
    0.7968,
    0.8043,
    0.8133,
    0.8167,
    0.8217,
    0.8213,
    0.848,
    0.8597,
    0.8468,
    0.865,
    0.8686,
    0.8652,
    0.8813
  ],
  "loss": [
    1.834890832901001,
    1.3519550666809081,
    1.082485654258728,
    0.9958588971138,
    0.8363134547233582,
    0.7797436641693115,
    0.7502284173965454,
    0.6590746273517608,
    0.6572437003135682,
    0.6179515954017639,
    0.6009749813079834,
    0.5827782235145569,
    0.5457167196750641,
    0.502416443490982,
    0.4686378915786743,
    0.5028675686359405,
    0.44329876153469083,
    0.4485378610134125,
    0.44909177782535553,
    0.40637143907546996
  ],
  "client_losses": [
    [
      0.03209901827738397,
      0.16617205720994213,
      0.08938488558681384,
      0.04100458418479082,
      0.14652237233974166,
      0.030907236421310418,
      0.16515130780436552,
      0.09233953263456801,
      0.04230511401787059,
      0.14363042744371177
    ],
    [
      0.02440872673955879,
      0.14715874203706683,
      0.07180224902364186,
      0.03274646721039273,
      0.1261233421924424,
      0.02377050894419554,
      0.14499288677423924,
      0.07316293042522352,
      0.03088764179626868,
      0.1281786869306349
    ],
    [
      0.020185792858616533,
      0.1307113916021837,
      0.06307401661149623,
      0.0265426112812614,
      0.11433992441512097,
      0.021887539266294293,
      0.13325581094012545,
      0.06376679741987151,
      0.026216393473400067,
      0.11610281130898807
    ],
    [
      0.019802630824320742,
      0.12029436207558104,
      0.055465529854358264,
      0.024070479410244816,
      0.10807998905158313,
      0.018922161155837818,
      0.11878211553724356,
      0.056430482128164,
      0.022466862813841162,
      0.10579766005614383
    ],
    [
      0.01778162314588343,
      0.11295653938890493,
      0.05175385026289821,
      0.022519077589522516,
      0.1028234625580368,
      0.016478747161552183,
      0.11244788884300581,
      0.0523710034006743,
      0.022272207363307567,
      0.09983558003238197
    ],
    [
      0.017695481971269782,
      0.10350017124550155,
      0.04769150394072152,
      0.019874931246012705,
      0.09723937640966332,
      0.015493703175494514,
      0.1054189686210486,
      0.04616045697426739,
      0.02166671414081567,
      0.09444567308166606
    ],
    [
      0.01477179111023868,
      0.09754155896926392,
      0.04325601346456728,
      0.019569546618075386,
      0.08686648334992134,
      0.016721331789698462,
      0.09922266626165045,
      0.042172939258119144,
      0.019682324081679956,
      0.09050050439186773
    ],
    [
      0.014387284712510376,
      0.09280146438359108,
      0.036714690666630995,
      0.018026119827514432,
      0.08445672894649123,
      0.014677817801628894,
      0.0956153843916422,
      0.036910328659500724,
      0.018281729906482802,
      0.08427774037786964
    ],
    [
      0.014847493016325927,
      0.0877205242151217,
      0.035718978696298975,
      0.01868434651490579,
      0.080757713208638,
      0.013846704259308723,
      0.08720940843045384,
      0.036284349475564276,
      0.017837744252932698,
      0.08139557550319254
    ],
    [
      0.015649792403762797,
      0.08572381642873915,
      0.032056240838505126,
      0.015521646078388605,
      0.07758972421835708,
      0.01353017961849597,
      0.08256917264351847,
      0.03362095781751549,
      0.015960199277880324,
      0.07744081825828232
    ],
    [
      0.01274988287813756,
      0.07849272997143314,
      0.028849672215425323,
      0.01529848975174757,
      0.07360831933611699,
      0.012896768240271993,
      0.07712972231578448,
      0.030160986873292266,
      0.015691669847357665,
      0.07412385781784936
    ],
    [
      0.013062552876928535,
      0.07553771203412307,
      0.027695707955704908,
      0.014439111014582775,
      0.07107146492417334,
      0.013444029114687384,
      0.07387003017544562,
      0.02911918637639231,
      0.015199757076444814,
      0.07041129638361981
    ],
    [
      0.011584040293318849,
      0.06998425820177231,
      0.02578997907672861,
      0.013669733463030222,
      0.0636695330070679,
      0.013212398391754475,
      0.06824520689814566,
      0.02506304414481568,
      0.014105171399083771,
      0.0662318468509547
    ],
    [
      0.010355100533651998,
      0.0677424152624262,
      0.024001829781588255,
      0.013785939102997939,
      0.06608142793346933,
      0.010895092155801863,
      0.06825771466253402,
      0.02471340989739533,
      0.012826036705978138,
      0.0631802654954589
    ],
    [
      0.011986445324744811,
      0.06571186284749084,
      0.022896170938332554,
      0.01189597958095773,
      0.05926899974460656,
      0.011944574451609647,
      0.0627572367866173,
      0.020357861365044038,
      0.01169190959298711,
      0.0615675333026523
    ],
    [
      0.010053212259564265,
      0.06124060666222238,
      0.021264268992097,
      0.013097769132814671,
      0.05888739452723645,
      0.011521892111961647,
      0.062342757522726215,
      0.020122691227504597,
      0.01224039233458321,
      0.059693926124712506
    ],
    [
      0.009552913688255268,
      0.05885768582664403,
      0.019146203830269416,
      0.011411942712984516,
      0.05741779964722398,
      0.009933321602839749,
      0.06015230236863595,
      0.01973321579392094,
      0.010558465755365856,
      0.05769211260928104
    ],
    [
      0.01046578605175801,
      0.05499641558032515,
      0.018144139195999512,
      0.009860093099656589,
      0.05400802022611754,
      0.01036885270139578,
      0.05843886857113332,
      0.019909400020047922,
      0.009975896229926404,
      0.05536334371546778
    ],
    [
      0.010214962187510352,
      0.054739662812003306,
      0.01731239009675835,
      0.010137308276980943,
      0.053605294562297436,
      0.01038637289986345,
      0.05435916931791816,
      0.016470489176693665,
      0.00949341242647854,
      0.05685452857571733
    ],
    [
      0.010935506913048348,
      0.052188896428014345,
      0.01603143195584156,
      0.010095428551270153,
      0.05446850633866938,
      0.01069472388014378,
      0.0520607017975579,
      0.017023046079413302,
      0.008419317154177042,
      0.05336290623566483
    ]
  ],