{
  "rounds": [
    1,
    2,
    3,
    4,
    5,
    6,
    7,
    8,
    9,
    10,
    11,
    12,
    13,
    14,
    15,
    16,
    17,
    18,
    19,
    20
  ],
  "accuracy": [
    0.7148,
    0.818,
    0.811,
    0.8399,
    0.8597,
    0.8709,
    0.8938,
    0.9037,
    0.9103,
    0.9082,
    0.9008,
    0.9117,
    0.9136,
    0.9117,
    0.9185,
    0.9278,
    0.927,
    0.9278,
    0.9268,
    0.9304
  ],
  "loss": [
    1.9069731317520142,
    1.3161652523040772,
    0.9777754574775696,
    0.7945615005493164,
    0.6750176698684692,
    0.5990573846817017,
    0.5112465870857239,
    0.4749146024227142,
    0.41274564146995546,
    0.39762366113662717,
    0.3931222111701965,
    0.3559341881275177,
    0.35763051285743713,
    0.33974913873672485,
    0.3396367202281952,
    0.30678023364543916,
    0.30670031712055207,
    0.3025517109155655,
    0.31877072257995603,
    0.28623510406017305
  ],
  "client_losses": [
    [
      0.016203306596596,
      0.05787452777756735,
      0.027513334546909202,
      0.01766551881571012,
      0.05858713347254332,
      0.017151275745173233,
      0.06010129378138013,
      0.027363034939474878,
      0.015270233571415546,
      0.058128553066444766
    ],
    [
      0.012068063407435532,
      0.042743554709664976,
      0.016617269123213586,
      0.009201307231547107,
      0.04078718702644268,
      0.01241039155494746,
      0.043248842687995455,
      0.017338050884818722,
      0.008504305252822194,
      0.04133817928025004
    ],
    [
      0.009603610680258256,
      0.03510346210112145,
      0.012538731234448142,
      0.0067114626460116665,
      0.03418686098071857,
      0.009232271931675801,
      0.033852960701791134,
      0.012505713455106957,
      0.006187025579738419,
      0.03511720087669926
    ],
    [
      0.007323491413374214,
      0.030808229377884182,
      0.010042442274818505,
      0.005360781116621055,
      0.029743231422475692,
      0.007942519931220577,
      0.0292506086687755,
      0.01004387627114972,
      0.0049641167265970275,
      0.029512060323682757
    ],
    [
      0.006657774571366827,
      0.02551622257652903,
      0.009415697019130774,
      0.00394721628053268,
      0.02633255015227991,
      0.006503320417582028,
      0.02665152385131193,
      0.00937354850537398,
      0.00384026182846383,
      0.02629456648280802
    ],
    [
      0.005288658442494598,
      0.0235791674688123,
      0.009499857940028328,
      0.003063559533046679,
      0.023967222168704228,
      0.005000626030770525,
      0.02272449932554313,
      0.007705290485416853,
      0.003904203992152984,
      0.024504689362977426
    ],
    [
      0.005749201877621243,
      0.01961344551926966,
      0.006149665176148279,
      0.0029510556364239254,
      0.020957308702722013,
      0.005937323427142475,
      0.02127487759790441,
      0.007340155575684404,
      0.002727323639216821,
      0.02234515950020839
    ],
    [
      0.004209971834565954,
      0.01908861492835573,
      0.006331762046355696,
      0.0032615909470650505,
      0.01996783141274989,
      0.005054937426430874,
      0.02004788581019397,
      0.005871309255431643,
      0.0027172137415027386,
      0.021108361029567323
    ],
    [
      0.004276523303540946,
      0.016724685014299058,
      0.006318970704132624,
      0.001675878719290678,
      0.019397482920084037,
      0.003964289327669533,
      0.016401174375995094,
      0.00598538466924313,
      0.0020250619282389877,
      0.01884618332975264
    ],
    [
      0.003961842273479797,
      0.01732519232380063,
      0.0057885888099511885,
      0.0017210602812661364,
      0.01614267030675349,
      0.0042961461597310815,
      0.015890813142608713,
      0.0049384696628260215,
      0.002224964721695573,
      0.016185946154829423
    ],
    [
      0.003621087196668516,
      0.014680626251973536,
      0.00548675628921062,
      0.0015086389608910998,
      0.014635216326982744,
      0.003029932859730797,
      0.014912135465378763,
      0.004685631541963821,
      0.0023123776104203527,
      0.015736366546313912
    ],
    [
      0.0028590674575152343,
      0.01247942359502793,
      0.003924133170101164,
      0.0015940477238430887,
      0.015034832950628173,
      0.003578296949106537,
      0.012761585182490333,
      0.004182520264818824,
      0.001940532175927908,
      0.014695499643035504
    ],
    [
      0.003184001370626801,
      0.012128675193361301,
      0.003910214158468339,
      0.0018542447306606378,
      0.013253848552166896,
      0.0024173044619812158,
      0.013251204881192687,
      0.004585644144434054,
      0.0018270131608258537,
      0.014704111707968193
    ],
    [
      0.0025622869941252812,
      0.012098578662315809,
      0.0034701297151786205,
      0.0011899760367896548,
      0.012287395393465942,
      0.002613972747214557,
      0.012824970768142074,
      0.0036413882235415375,
      0.002548225289143102,
      0.01403136161213302
    ],
    [
      0.002482585579092719,
      0.010643405628241138,
      0.004386997120864099,
      0.0012898546166423578,
      0.011966660697713646,
      0.002703042824399087,
      0.012739488103607158,
      0.0035377639380766174,
      0.001706963603567232,
      0.011850004901211447
    ],
    [
      0.002787215048341931,
      0.010312209275046526,
      0.0035210102459050548,
      0.0013266112246289117,
      0.01175711634281408,
      0.002228042057134793,
      0.00978989080962188,
      0.003190865883644804,
      0.0017938873080032738,
      0.010532441342630863
    ],
    [
      0.0015754060018026382,
      0.009840215272941523,
      0.0031193282359405195,
      0.0018158443979841652,
      0.011544856501435798,
      0.002063631588521446,
      0.009094983198777,
      0.003917343494619443,
      0.001275131553904613,
      0.010069388469623615
    ],
    [
      0.002093241610666403,
      0.009112666582411954,
      0.003273099780538976,
      0.0010862777898415794,
      0.009633246676473344,
      0.0020453664299315737,
      0.009071808602362947,
      0.0038334403235466964,
      0.0011353229019184852,
      0.010868445026775754
    ],
    [
      0.0027986432547549107,
      0.009957001579332242,
      0.0025886641801385764,
      0.0012874149875377876,
      0.009726933118555757,
      0.002554068081515375,
      0.009451645320088978,
      0.0027700624877368464,
      0.001591877025738275,
      0.009687779469128032
    ],
    [
      0.002155423591242054,
      0.00769575317557962,
      0.002228616867723755,
      0.0012541002766412695,
      0.009133023483932782,
      0.0017508476739853918,
      0.008396159124802556,
      0.0026795843378976786,
      0.000799804960447164,
      0.008408737829633825
    ]
  ],