{
  "rounds": [
    1,
    2,
    3,
    4,
    5,
    6,
    7,
    8,
    9,
    10,
    11,
    12,
    13,
    14,
    15,
    16,
    17,
    18,
    19,
    20
  ],
  "accuracy": [
    0.9728,
    0.9848,
    0.9872,
    0.9886,
    0.989,
    0.9895,
    0.9897,
    0.9901,
    0.9903,
    0.9906,
    0.9906,
    0.9903,
    0.9914,
    0.9914,
    0.9917,
    0.9907,
    0.9913,
    0.991,
    0.9913,
    0.9908
  ],
  "loss": [
    0.2440057284116745,
    0.044305622947961094,
    0.04065777145344764,
    0.03657264438555576,
    0.03518264128407463,
    0.03453373564514332,
    0.0343322379631456,
    0.03525588401905261,
    0.036244344032229855,
    0.03565307077618782,
    0.03485099595771171,
    0.034766420246177585,
    0.03238135836885776,
    0.03236984384227544,
    0.03438174144430086,
    0.034392760582920165,
    0.03399759582197294,
    0.03381419509784318,
    0.033690634173015134,
    0.03440050474125892
  ],
  "client_losses": [
    [
      0.3069220911959807,
      0.32642557998994987,
      0.3275264809413089,
      0.31880973732802603,
      0.3500542033745183,
      0.29392127079806396,
      0.34205556194318665,
      0.3164598192440139,
      0.32512152206069894,
      0.3331441680987676
    ],
    [
      0.10031223818080293,
      0.10697796983897893,
      0.11217139087224172,
      0.10602332469862369,
      0.11581041151678396,
      0.10351840372011066,
      0.11605027922377405,
      0.10940185533588132,
      0.11121074429206136,
      0.10925952842459083
    ],
    [
      0.06732034363545891,
      0.06988130698549665,
      0.07146831267704773,
      0.06524960213371862,
      0.07480742826292085,
      0.06747011838408394,
      0.07361366311346905,
      0.06897779456831307,
      0.07498565617493458,
      0.06826351122744381
    ],
    [
      0.04996446875716922,
      0.05685665296354434,
      0.05609552073380392,
      0.05250115936554761,
      0.05908994245539523,
      0.051024727910860546,
      0.05818785313368102,
      0.05361757582924393,
      0.05578886834128449,
      0.05312097632279619
    ],
    [
      0.04390197970252484,
      0.04518907749935817,
      0.047107825104186,
      0.04114018958654358,
      0.05364671051199548,
      0.04169741214785932,
      0.050113146357471126,
      0.047033382040241524,
      0.04926278461660776,
      0.04640812970141026
    ],
    [
      0.03768986092902358,
      0.042460482500516164,
      0.03738875122289432,
      0.036212089250226405,
      0.04874076280675622,
      0.03828036323100484,
      0.04682431943239903,
      0.04132485493541592,
      0.044992533383451196,
      0.038377413219526514
    ],
    [
      0.03594262872285132,
      0.03913577344682482,
      0.033813961665792806,
      0.033768395212642244,
      0.042746544163971625,
      0.036126150174108466,
      0.04106827986034073,
      0.039155297462840986,
      0.03740902021764002,
      0.03531453170979027
    ],
    [
      0.03321777436830518,
      0.034717672155691416,
      0.033858133043198096,
      0.03208296848981505,
      0.040865772916815736,
      0.03395216264233426,
      0.03723325925524437,
      0.03268611847461822,
      0.0380462155658202,
      0.03078827594802715
    ],
    [
      0.03446968381167325,
      0.0339343717637425,
      0.03296159552476861,
      0.0332932683989877,
      0.03683193487325075,
      0.031169199834383713,
      0.03703600488016511,
      0.03310716638191499,
      0.03269209844916218,
      0.02982357243965412
    ],
    [
      0.027383878025727528,
      0.03466644326008908,
      0.03705239301210127,
      0.02960984337032682,
      0.03658394154229851,
      0.027034310699395266,
      0.0328808271673204,
      0.030425807947726247,
      0.03206687882394504,
      0.02789778849246755
    ],
    [
      0.02792288474029293,
      0.029733120275389713,
      0.030017157181819333,
      0.034305487927236956,
      0.036543695368384456,
      0.026586973820465775,
      0.03438138036239737,
      0.03140054735290404,
      0.035055073442820384,
      0.02858511444117903
    ],
    [
      0.031024097503391707,
      0.029932166936070037,
      0.030970850622004137,
      0.029735459916136783,
      0.03790087374041064,
      0.025856267114613325,
      0.03443706292506572,
      0.02864430700472581,
      0.033028378694415245,
      0.03159159285221823
    ],
    [
      0.030881965297583115,
      0.02976148163546653,
      0.03207951253609564,
      0.03170553476416176,
      0.03453969988423503,
      0.02561334754184524,
      0.032462598062301874,
      0.030215362083765893,
      0.03185016148735465,
      0.030865868927952962
    ],
    [
      0.03112098501054465,
      0.03300938691454576,
      0.033503794837996086,
      0.0280384735228856,
      0.03634297378138743,
      0.028526119659245727,
      0.0371602350128091,
      0.028142188020668174,
      0.03398410161052339,
      0.02730683767245177
    ],
    [
      0.032251023594053144,
      0.031143868182194032,
      0.03485355765416357,
      0.02842562658166086,
      0.032304823768841744,
      0.025735712621132886,
      0.03733258952093234,
      0.03447242800351362,
      0.026580929818606817,
      0.035068351840757815
    ],
    [
      0.02890179932498318,
      0.033961807214502995,
      0.03364362553785031,
      0.02990531549750085,
      0.04012035382341572,
      0.029648867695241884,
      0.0362807879339743,
      0.03342753968518284,
      0.034805191314820856,
      0.030111818348978078
    ],
    [
      0.033977311349128486,
      0.030027231592454982,
      0.03660292165994562,
      0.034498495197869086,
      0.04223381891239842,
      0.03451440700686544,
      0.04150975143871054,
      0.03585109098475813,
      0.03520363038198007,
      0.030349549140573598
    ],
    [
      0.032954413202745246,
      0.03609930128086853,
      0.037457974882679185,
      0.03374332134349566,
      0.03809976021372131,
      0.036479516653947434,
      0.044815566721253565,
      0.03854064985595101,
      0.037864671493810925,
      0.03309129246111843
    ],
    [
      0.03644611456045742,
      0.0326268511979411,
      0.04035586564083719,
      0.03674621847481487,
      0.04024572305653176,
      0.02939189513380188,
      0.040157329821563004,
      0.03797291213950515,
      0.0401624069267972,
      0.03326178728368056
    ],
    [
      0.03601097932866166,
      0.03372262357773151,
      0.03935820543025087,
      0.03829336057920389,
      0.045754672114128474,
      0.03640740450894388,
      0.04703559586020472,
      0.03671136907303783,
      0.038515772951047335,
      0.03518859178516222
    ]
  ],