{
  "rounds": [
    1,
    2,
    3,
    4,
    5,
    6,
    7,
    8,
    9,
    10,
    11,
    12,
    13,
    14,
    15,
    16,
    17,
    18,
    19,
    20
  ],
  "accuracy": [
    0.738,
    0.8189,
    0.8392,
    0.86,
    0.8539,
    0.8719,
    0.8841,
    0.8842,
    0.9014,
    0.9115,
    0.9118,
    0.9102,
    0.9153,
    0.9223,
    0.9313,
    0.9334,
    0.9314,
    0.9389,
    0.9375,
    0.9391
  ],
  "loss": [
    1.8038592729568481,
    1.157116202545166,
    0.7899186765670776,
    0.6234442502975464,
    0.5194736961841583,
    0.48716806659698486,
    0.414070822095871,
    0.3734029260158539,
    0.35805183720588685,
    0.3231005150318146,
    0.3192824888944626,
    0.3119587082862854,
    0.3168028903007507,
    0.2850005986213684,
    0.2686320601463318,
    0.27442434356212614,
    0.26097993836402894,
    0.23110576273202896,
    0.23181411719322204,
    0.21504872032403946
  ],
  "client_losses": [
    [
      0.011802999861107876,
      0.040677823719277625,
      0.019388916236334083,
      0.011382760983794208,
      0.042171130772209124,
      0.012608530268185073,
      0.042400200392543455,
      0.019872770909590845,
      0.010321695156044617,
      0.041155652265461674
    ],
    [
      0.008848572943672927,
      0.028115241258878244,
      0.011072681439334457,
      0.006280130919396584,
      0.02767209087744471,
      0.008342302595090596,
      0.028559621457741907,
      0.012654968893651815,
      0.006023171385583166,
      0.026968996682323353
    ],
    [
      0.005791874530843952,
      0.021951312070044034,
      0.00832965554309684,
      0.003384795485398478,
      0.021842852572211337,
      0.0066983318873821175,
      0.02077729724107426,
      0.007404274069489095,
      0.0028778651684878208,
      0.020876664555313243
    ],
    [
      0.00459011561157914,
      0.018767450678249496,
      0.007016806204293879,
      0.002879688456298645,
      0.019136402833337653,
      0.004251673093312116,
      0.017380338209847534,
      0.00662003597109166,
      0.004148551406736628,
      0.018164597806286615
    ],
    [
      0.003935276190529377,
      0.01535216031020257,
      0.0058835025278464684,
      0.0018892808214529752,
      0.015644100068285365,
      0.0035021377757042823,
      0.015572077840877507,
      0.006285279248981347,
      0.0024163689981979725,
      0.01599980875181569
    ],
    [
      0.003129151508904408,
      0.013986037583474581,
      0.006213567107185363,
      0.0021853750086489343,
      0.015236894768218136,
      0.0031783690422940453,
      0.013611559926199397,
      0.005167615814067556,
      0.0030032639106018486,
      0.014743355186540196
    ],
    [
      0.0024531022057058564,
      0.013319240312034205,
      0.00414935350205597,
      0.0016968022593563973,
      0.012059853299699972,
      0.0032177642685839876,
      0.012462438755056572,
      0.004421185356310502,
      0.00202746812716811,
      0.014157950908457848
    ],
    [
      0.0017075849174912512,
      0.01043503598828658,
      0.004122541419628318,
      0.0015160741566220366,
      0.011701725524842369,
      0.0019508892172328417,
      0.010870986146009473,
      0.004069382065362328,
      0.001462883692707752,
      0.012003451828404958
    ],
    [
      0.0014929879454964104,
      0.010296884811841192,
      0.0036217851437230957,
      0.0021206500920471967,
      0.010437507263622019,
      0.0017762785664996465,
      0.009338646088797887,
      0.004267575186671887,
      0.0016202052439623718,
      0.010872059936066127
    ],
    [
      0.001689513507255806,
      0.008990965943478039,
      0.002517320743362336,
      0.0013132616057843357,
      0.010306962076390506,
      0.0021422895935005698,
      0.009339805887832904,
      0.004001620069488508,
      0.0011136632212101001,
      0.00961340087416449
    ],
    [
      0.001877738486223051,
      0.00791116408890037,
      0.004299258711863703,
      0.0015314267824294175,
      0.009416883476560344,
      0.0019056262487115326,
      0.008012764174014963,
      0.003490382476865579,
      0.002242723755976279,
      0.008884361842102808
    ],
    [
      0.0014286881338420195,
      0.006667115173053091,
      0.003657016669550036,
      0.0011643401776869234,
      0.008157371379043276,
      0.0009978788209570075,
      0.00788702756676738,
      0.0026270644615205762,
      0.001192586301373135,
      0.009298953380487439
    ],
    [
      0.0011866445597805014,
      0.00639044014330001,
      0.0032504054582228816,
      0.0012124903148128252,
      0.007392227171193615,
      0.0014752870207742706,
      0.007820949735096309,
      0.0041087357988195345,
      0.0011051482094339548,
      0.00751229248754971
    ],
    [
      0.0019431433660573063,
      0.00647921400174219,
      0.001989527057676607,
      0.0011565514406937773,
      0.0068760258648058615,
      0.0010486655121268052,
      0.007134439759239162,
      0.0026635892740479675,
      0.0017166972640977219,
      0.0075768001695522376
    ],
    [
      0.0019382725801872995,
      0.006702529397762105,
      0.002805832469136492,
      0.0008649414666588968,
      0.0063799004151568,
      0.0011212617979021687,
      0.006033422493541131,
      0.003456167214928941,
      0.0010912377929887937,
      0.007746273323188174
    ],
    [
      0.0014839469583868257,
      0.005882884733864175,
      0.0028118721911142078,
      0.0012236640358541837,
      0.006743404290815219,
      0.002581477765304266,
      0.005725307706317089,
      0.00387471160087048,
      0.0017827901028730096,
      0.006682716556533962
    ],
    [
      0.0010711299154496415,
      0.005793025019527204,
      0.0009716486002866388,
      0.0014522862746439028,
      0.006614280670126643,
      0.0014198456483812513,
      0.005417197413426719,
      0.0017581209786716508,
      0.0012293742407306523,
      0.005488600037296941
    ],
    [
      0.0009414796634374064,
      0.005306979261349956,
      0.0012285201653663522,
      0.00164705446601934,
      0.0053676956123239585,
      0.0006916767348201537,
      0.004852366353754378,
      0.0025940018562172896,
      0.0012757687238821084,
      0.005084057554212896
    ],
    [
      0.002651908903218838,
      0.004227456933116746,
      0.00171892531298666,
      0.0007249341265106042,
      0.0055674610201256755,
      0.0009110370132524505,
      0.004643064129529118,
      0.0017480294716621092,
      0.0012637806195921555,
      0.0056220324667152505
    ],
    [
      0.0007336385556395648,
      0.00472750559974908,
      0.001425577637025519,
      0.0007108474615013077,
      0.0058198448379396025,
      0.0008436674568978196,
      0.004562388127117942,
      0.0021873351056234053,
      0.0006822674920143837,
      0.005511348234310806
    ]
  ],