{
  "rounds": [
    1,
    2,
    3,
    4,
    5,
    6,
    7,
    8,
    9,
    10,
    11,
    12,
    13,
    14,
    15,
    16,
    17,
    18,
    19,
    20
  ],
  "accuracy": [
    0.6675,
    0.8062,
    0.852,
    0.8621,
    0.8512,
    0.8561,
    0.8597,
    0.8555,
    0.8438,
    0.8448,
    0.8462,
    0.8495,
    0.843,
    0.8428,
    0.8354,
    0.8406,
    0.8324,
    0.8431,
    0.8437,
    0.8479
  ],
  "loss": [
    1.888849058532715,
    1.068142763519287,
    0.7520475849151611,
    0.5786852767944336,
    0.5577549246788025,
    0.4631386093616486,
    0.4705065327167511,
    0.4317549563407898,
    0.47712961883544924,
    0.4723102911949158,
    0.46798924665451047,
    0.45942866315841674,
    0.4883842519760132,
    0.46863089776039124,
    0.49698301544189455,
    0.48227607927322386,
    0.5124728693962097,
    0.4982928273200989,
    0.4906194080352783,
    0.48677908067703246
  ],
  "client_losses": [
    [
      0.00981600533120707,
      0.034935392561989936,
      0.01752151644448703,
      0.009471321394900487,
      0.03693503030178676,
      0.01027986774175156,
      0.03707702739007076,
      0.017700862346942854,
      0.008657694568750948,
      0.036170838960478645
    ],
    [
      0.008335525130766172,
      0.023632980915439084,
      0.011076732371830083,
      0.007408164071036508,
      0.025800240210786602,
      0.008150951979850649,
      0.0248290193914005,
      0.011458739020215247,
      0.006222194743863333,
      0.025144292642239916
    ],
    [
      0.004318245822582251,
      0.017257842122165114,
      0.006107307686016761,
      0.0029816279459283696,
      0.018280218631616715,
      0.003973707999769422,
      0.016816528230228334,
      0.006790347283689217,
      0.0034549387035729285,
      0.018193368436788638
    ],
    [
      0.003601333935718677,
      0.012618993611822062,
      0.005280530352783596,
      0.0028015608691616613,
      0.01321051850100554,
      0.0033037034219262126,
      0.013199998050207093,
      0.004548507333848698,
      0.002161523547169244,
      0.013194663127686327
    ],
    [
      0.0031633265905628414,
      0.01113313388011808,
      0.004217259869301603,
      0.0022857674003455247,
      0.011306570042765406,
      0.0034616314026372206,
      0.009593007378977631,
      0.004307192680459508,
      0.0011511907037834762,
      0.0130015506826578
    ],
    [
      0.0030594992933845287,
      0.00936828868742357,
      0.005365849915281983,
      0.0031049367981655,
      0.010461531467595027,
      0.002310572531097452,
      0.009409193804193229,
      0.004810263254712945,
      0.0013708212131606553,
      0.010943265804603643
    ],
    [
      0.0024071532398509776,
      0.008128984448599453,
      0.0038052452353093133,
      0.001454664522181766,
      0.008821595660371538,
      0.002662573206967013,
      0.00869262162644732,
      0.004437133983174148,
      0.0012241333316387396,
      0.009492599824961794
    ],
    [
      0.00150188112974639,
      0.006766073380396194,
      0.003931338557838413,
      0.000852087620183055,
      0.008180855926113232,
      0.0022118832008511387,
      0.00865781861348464,
      0.004730858600345253,
      0.0015030169660280631,
      0.008720303057472801
    ],
    [
      0.0019588347930291146,
      0.006902190390999575,
      0.004523136076432788,
      0.0019108747940541628,
      0.00735757741802457,
      0.001979588563425549,
      0.006271466225029887,
      0.0039062722483268995,
      0.0019083603122593638,
      0.007874125625134865
    ],
    [
      0.0010824076848521692,
      0.006913951341007481,
      0.0023731731758764594,
      0.0014101877312159162,
      0.007081042291885345,
      0.002646904430332734,
      0.005798372703592199,
      0.004175505191679872,
      0.0017735274209359458,
      0.007360941807839885
    ],
    [
      0.0014729773817067594,
      0.005654216577146786,
      0.004545426408362252,
      0.001400569584681092,
      0.006809427694838871,
      0.0010171484313149111,
      0.006468944929029315,
      0.0031289343217622643,
      0.001220195029291671,
      0.00681312815436399
    ],
    [
      0.0014704241617061297,
      0.0037469940511504684,
      0.002223903567852475,
      0.0015284945376734394,
      0.006163387096115486,
      0.0010184643579170991,
      0.005656922116630711,
      0.0032982438035025464,
      0.0015006072626960294,
      0.005542828599658899
    ],
    [
      0.001196568668715927,
      0.006021284421819966,
      0.002198097993949698,
      0.0021500214638376816,
      0.006229726441720195,
      0.00106314794356418,
      0.0059281181750648095,
      0.003196589487454169,
      0.0016125466657811835,
      0.005849272878438426
    ],
    [
      0.0021793907178252895,
      0.006032339497155954,
      0.0034373757738492216,
      0.001757765140420342,
      0.004911172871941102,
      0.0010533357381113159,
      0.00529135904989768,
      0.0018961501553243622,
      0.0016778688590718446,
      0.004673538069755353
    ],
    [
      0.00181425114720537,
      0.005125022827889054,
      0.00339822741354497,
      0.00109141510514765,
      0.006181633731877342,
      0.0013972306918780307,
      0.006011559007417767,
      0.0028943694942460602,
      0.001349148307106067,
      0.006184709047077279
    ],
    [
      0.0030317982994803685,
      0.005474982605910186,
      0.005949158486749619,
      0.0015994458125432758,
      0.005947894545404597,
      0.0015338012817839458,
      0.005743343042389881,
      0.0021971823680266927,
      0.0017488973915166022,
      0.0056790604582849435
    ],
    [
      0.0009602842914112947,
      0.00479220998676068,
      0.002958335984360942,
      0.001763425196288798,
      0.005208166867748744,
      0.0016979386082155276,
      0.0045688328095456554,
      0.0034022773732381804,
      0.001463972957490527,
      0.004860796736203893
    ],
    [
      0.0014907172915876114,
      0.003727859461211199,
      0.0036769338932892376,
      0.0013039634807931416,
      0.005591658511922938,
      0.0012013835282296162,
      0.004226439308670642,
      0.004454937960602327,
      0.0017155799287561844,
      0.006224149513270267
    ],
    [
      0.0011316439723567963,
      0.005322399782632423,
      0.00486887219422136,
      0.0013507382176145154,
      0.004373771008791096,
      0.0017330047831196423,
      0.0035402816921123125,
      0.0038364626598070533,
      0.0023092002824087756,
      0.005268902764969687
    ],
    [
      0.001534667210506205,
      0.0034486848837145486,
      0.0035053516604367997,
      0.0013350263487781648,
      0.003374382121334166,
      0.0010186710162869927,
      0.006529262516456699,
      0.0031041030657776693,
      0.0016786071109896326,
      0.003584070557152374
    ]
  ],