{
  "rounds": [
    1,
    2,
    3,
    4,
    5,
    6,
    7,
    8,
    9,
    10,
    11,
    12,
    13,
    14,
    15,
    16,
    17,
    18,
    19,
    20
  ],
  "accuracy": [
    0.6759,
    0.8113,
    0.8083,
    0.8439,
    0.8781,
    0.8766,
    0.9026,
    0.9126,
    0.9173,
    0.9259,
    0.9285,
    0.934,
    0.9363,
    0.938,
    0.9359,
    0.9419,
    0.9405,
    0.944,
    0.943,
    0.9471
  ],
  "loss": [
    1.9116623846054077,
    1.3224911375045776,
    0.9747626541137695,
    0.7582436268806457,
    0.6795259766578674,
    0.5944723106384278,
    0.47195849657058714,
    0.42601880898475647,
    0.3872490090370178,
    0.36684415745735166,
    0.3577926455497742,
    0.3406713752269745,
    0.32103438782691956,
    0.2740574584722519,
    0.29009201393127443,
    0.2664353374004364,
    0.2703530805587769,
    0.26094728863239286,
    0.25091300802230837,
    0.22716716010570526
  ],
  "client_losses": [
    [
      0.016608854271941666,
      0.06037050993101131,
      0.028220884400592186,
      0.01764544710769588,
      0.05974002078528079,
      0.017001084013746635,
      0.06159251372351693,
      0.028224207699288965,
      0.016774310708655628,
      0.060109346739495285
    ],
    [
      0.01280853513046727,
      0.04523729012832538,
      0.01670763254334789,
      0.00999117668979182,
      0.04301444489329969,
      0.01294653480200058,
      0.04640359166325307,
      0.018710770998961287,
      0.009347614774195162,
      0.04293183238287641
    ],
    [
      0.01036154962923759,
      0.03732607396387354,
      0.013139826277690876,
      0.007443568683295659,
      0.036126118879502185,
      0.009413945851546418,
      0.036125947362118535,
      0.013099438803813214,
      0.006078419241261743,
      0.03823246621115049
    ],
    [
      0.008213313974230104,
      0.03290520722440702,
      0.01169186611798828,
      0.006106033279552152,
      0.031870929295641746,
      0.00868318662837977,
      0.03275504359403007,
      0.011416378420222681,
      0.005347927348559075,
      0.03208442198065252
    ],
    [
      0.007486873744215491,
      0.028720832671798847,
      0.010359201268951096,
      0.004590595746120274,
      0.03000046313788984,
      0.0074625701016196155,
      0.02958251452168598,
      0.00977762857541225,
      0.005232595265857562,
      0.027809776372544594
    ],
    [
      0.006433850046707104,
      0.026596074074323895,
      0.009070367576718547,
      0.003253682916589455,
      0.027488212485555663,
      0.005956908366193868,
      0.026358808638315568,
      0.00890454470835338,
      0.0043825178425883115,
      0.027810678439251658
    ],
    [
      0.005720074944517298,
      0.023640256172584206,
      0.007492158982191215,
      0.0034857674549499656,
      0.023528787020704378,
      0.006340515062074418,
      0.025037601562024538,
      0.007638511160829218,
      0.003771422917393781,
      0.02616055360451304
    ],
    [
      0.005599157352172185,
      0.02226659769501843,
      0.00717834611757462,
      0.003781596543513397,
      0.024172469002864256,
      0.005478900792391326,
      0.023856544007054562,
      0.007158213609940379,
      0.0032750299811571066,
      0.023241286719452043
    ],
    [
      0.005007797893316443,
      0.02120886414342828,
      0.00661153309380955,
      0.002254794870931355,
      0.022468367642773997,
      0.004660124588503232,
      0.020189128603553534,
      0.007734779974390589,
      0.0017146380096357999,
      0.02321457175762553
    ],
    [
      0.0047797366681905625,
      0.020869014956238358,
      0.006669390145610462,
      0.0027040917674576556,
      0.0203941280812079,
      0.005111292077148868,
      0.018542705356945965,
      0.006910227312813514,
      0.00207729901540508,
      0.020592807924018457
    ],
    [
      0.004187166919358964,
      0.01921620500492284,
      0.005547210740665379,
      0.002097596597937834,
      0.018774791284795457,
      0.003967877395538091,
      0.017983702732578266,
      0.00589246862201032,
      0.0023353910893933925,
      0.018986386082353503
    ],
    [
      0.003502333171127774,
      0.016951137317885834,
      0.004606475858737628,
      0.0018061736925749472,
      0.018170182398039622,
      0.003949553608962893,
      0.017272785973074717,
      0.005389971467776657,
      0.0019145493026255784,
      0.01898184961086372
    ],
    [
      0.0036776907785530805,
      0.01604529487919105,
      0.004966372764516852,
      0.0017733642011376492,
      0.017651791540351566,
      0.0033846830285168177,
      0.01779604585787647,
      0.005090744827809533,
      0.0014988421681455225,
      0.01909142331035721
    ],
    [
      0.003052051252857727,
      0.015098825617993418,
      0.004401181475938315,
      0.0015511796085992222,
      0.017187239466133753,
      0.00368918333083261,
      0.015830050606194596,
      0.004963639261865568,
      0.0020763781509931336,
      0.01689178303333978
    ],
    [
      0.0029633615112829663,
      0.014530368788166884,
      0.003929933377664862,
      0.0018248588995905934,
      0.015177988288146352,
      0.0033919838254273344,
      0.014680633276246855,
      0.004943752487981533,
      0.0017208079437518006,
      0.01585916151497829
    ],
    [
      0.003368853802628692,
      0.0142435207631796,
      0.004236860962233736,
      0.0014479716067295645,
      0.015496291115657704,
      0.0037839217014014625,
      0.014875403988623217,
      0.004987466565906007,
      0.0018632659284573752,
      0.015385344708889215
    ],
    [
      0.0029566801230148567,
      0.014055310621106903,
      0.003257238008162866,
      0.0021114535667268786,
      0.0155930526678878,
      0.0027085116913765114,
      0.01323874434890295,
      0.00500734637262643,
      0.0018942439699631086,
      0.0140639492867256
    ],
    [
      0.003402232730394742,
      0.01268020538384865,
      0.0040752242317639575,
      0.0014021593453260083,
      0.012854009407925476,
      0.003213176956411533,
      0.013671731283865202,
      0.003971881673517052,
      0.001579509503504347,
      0.014047894476580811
    ],
    [
      0.0032846925907784284,
      0.012252644001587492,
      0.003338156375864699,
      0.0014239438887793479,
      0.013166429851135754,
      0.0031464068765759234,
      0.013212192350318721,
      0.0033578921625843482,
      0.0011341345837463373,
      0.013151073722038657
    ],
    [
      0.0019362936966242767,
      0.011398502938843378,
      0.0030351911977656845,
      0.001487062343539485,
      0.012818721323419801,
      0.002771798288157515,
      0.011662330176636747,
      0.0030606298173673735,
      0.0012671038884867457,
      0.01215968661436248
    ]
  ],