{
  "rounds": [
    1,
    2,
    3,
    4,
    5,
    6,
    7,
    8,
    9,
    10,
    11,
    12,
    13,
    14,
    15,
    16,
    17,
    18,
    19,
    20
  ],
  "accuracy": [
    0.5342,
    0.6589,
    0.7098,
    0.7267,
    0.7694,
    0.799,
    0.8127,
    0.8374,
    0.8676,
    0.8694,
    0.8842,
    0.8903,
    0.8893,
    0.8979,
    0.8963,
    0.9005,
    0.9064,
    0.9025,
    0.9042,
    0.9213
  ],
  "loss": [
    1.8720445274353028,
    1.3586203800201415,
    1.088040563583374,
    0.9542440641403198,
    0.8142025673866272,
    0.7309204345703125,
    0.6666184652328491,
    0.5977291261672973,
    0.5633515254974365,
    0.5020348968029023,
    0.4624879406929016,
    0.4457128328561783,
    0.4231864388942719,
    0.3838269422531128,
    0.38980140902996063,
    0.375315190243721,
    0.34044513478279115,
    0.3591055507183075,
    0.3436063008785248,
    0.3137817123174667
  ],
  "client_losses": [
    [
      0.02933419542437377,
      0.14837740667945604,
      0.07142124248952395,
      0.037195189876734716,
      0.13019257367246567,
      0.02897485467992394,
      0.1496642879375661,
      0.07250973769982084,
      0.037502779524111914,
      0.12758634472718347
    ],
    [
      0.02328056553094978,
      0.12706726373598268,
      0.05497426563021119,
      0.029107828818116584,
      0.11204230004774228,
      0.023392704867692654,
      0.12573766395616864,
      0.05416117312251629,
      0.029508342250968374,
      0.11257928696645182
    ],
    [
      0.01999478915687648,
      0.1064039492412075,
      0.04574239961801857,
      0.024797268314334462,
      0.09906210226317247,
      0.020299519238921707,
      0.1067455953257892,
      0.04563423913598606,
      0.02489407358740097,
      0.10232805689049643
    ],
    [
      0.019099304701145486,
      0.09167085453376096,
      0.03953682640085347,
      0.02191282347866184,
      0.09172922062471846,
      0.018189661851467632,
      0.09084558605835091,
      0.03874906676261691,
      0.020825623747358305,
      0.08837092444469026
    ],
    [
      0.01700228407782244,
      0.08259136425781398,
      0.03462839958972486,
      0.019307974313002466,
      0.08215711156842904,
      0.01675475093877772,
      0.0822829875088313,
      0.03513718056503119,
      0.018982744365998973,
      0.08365541913130947
    ],
    [
      0.01584612253801282,
      0.07392939882388437,
      0.028880247152418853,
      0.016674257916959805,
      0.07703221506433888,
      0.01531304543945902,
      0.07486697870876527,
      0.028771319360934463,
      0.018453976109848606,
      0.07724064292228323
    ],
    [
      0.01383649549140305,
      0.0680241237038361,
      0.02582994449216457,
      0.015417942240265018,
      0.06924300116039601,
      0.016188348629136252,
      0.0672385220848566,
      0.025248004955857637,
      0.016110362665706878,
      0.07454633798902739
    ],
    [
      0.013645298590748553,
      0.06181025605891788,
      0.022023988308064818,
      0.013629403176169659,
      0.06815154661471813,
      0.013453184490591892,
      0.06278339260353231,
      0.022331671616303807,
      0.014204349268840441,
      0.06712593889621607
    ],
    [
      0.013521356999010062,
      0.05857102078729167,
      0.021504378418723467,
      0.013543611444405617,
      0.06480562170709636,
      0.01276004963693025,
      0.05744409587458288,
      0.02132735840640095,
      0.012603295951877301,
      0.06408141456565446
    ],
    [
      0.014477858406245603,
      0.05436846555534752,
      0.018753174359224595,
      0.011763086501602111,
      0.06160488139180267,
      0.013702050396638873,
      0.05339213747381309,
      0.01961259289531568,
      0.011700031267498849,
      0.06283069885035945
    ],
    [
      0.01278607524448979,
      0.05144187176970553,
      0.018288514623564532,
      0.010678838624808002,
      0.05890505511218966,
      0.012809900356310211,
      0.05044331660916612,
      0.019278409863679347,
      0.01172248568203736,
      0.05909403570627762
    ],
    [
      0.011592503311578246,
      0.051472169522640415,
      0.018062717000319604,
      0.010454049600175637,
      0.05711895691562381,
      0.0124326503830314,
      0.049426473342692616,
      0.018944915171795793,
      0.011306308485010857,
      0.05622876101489163
    ],
    [
      0.010316255953675694,
      0.04780467608007046,
      0.016867157043290913,
      0.009797633066711144,
      0.0521341597365931,
      0.012904491986635291,
      0.047438236868286465,
      0.016678404043909408,
      0.010019978635860962,
      0.05407423094862093
    ],
    [
      0.010825440622218203,
      0.045438264929592395,
      0.014793797154789613,
      0.009451781475241982,
      0.05283825779244262,
      0.009864202743231751,
      0.04608264196447924,
      0.01590502482742307,
      0.009882769535441992,
      0.0525042664037628
    ],
    [
      0.010475343920871918,
      0.045308586325256126,
      0.01624961447360661,
      0.008363944650688925,
      0.050490966237565806,
      0.010576494309294955,
      0.04459742588961825,
      0.014198815069758636,
      0.00838005090295157,
      0.05037169814457075
    ],
    [
      0.009519225676668148,
      0.043909205090425944,
      0.014421916659175658,
      0.008872204228168503,
      0.04703687076233222,
      0.011150865403822928,
      0.04369599770023323,
      0.01501015541143612,
      0.009373811277900596,
      0.04772067102782512
    ],
    [
      0.008599462948738089,
      0.0411909588521508,
      0.014330397793127734,
      0.008792951388110959,
      0.04826234287429748,
      0.009909964610844958,
      0.04366217579762553,
      0.01449971733082053,
      0.008785974252911407,
      0.04710078994125275
    ],
    [
      0.009730662034244114,
      0.03841338539157093,
      0.013908071976384283,
      0.008883232613794133,
      0.04592987180708534,
      0.011056337120143015,
      0.04264101223261496,
      0.015986288670712737,
      0.0082467394742504,
      0.04595479832904934
    ],
    [
      0.009485966879539003,
      0.03942256896878901,
      0.013930117137300113,
      0.007318855801873882,
      0.04470025603641035,
      0.010090379743041843,
      0.04172258127566541,
      0.012819758067143808,
      0.0074967571519674245,
      0.04620835085388925
    ],
    [
      0.009656185761893919,
      0.0391407848215776,
      0.011809249775512015,
      0.008082174894553639,
      0.043701065169649965,
      0.00978538238610022,
      0.0390594295317534,
      0.013167551132545427,
      0.007078660378923876,
      0.044339795711629174
    ]
  ],