{
  "rounds": [
    1,
    2,
    3,
    4,
    5,
    6,
    7,
    8,
    9,
    10,
    11,
    12,
    13,
    14,
    15,
    16,
    17,
    18,
    19,
    20
  ],
  "accuracy": [
    0.5558,
    0.6936,
    0.6954,
    0.7136,
    0.7555,
    0.7729,
    0.7744,
    0.8161,
    0.826,
    0.8516,
    0.8681,
    0.875,
    0.8809,
    0.8906,
    0.8989,
    0.8903,
    0.8974,
    0.8993,
    0.9012,
    0.9156
  ],
  "loss": [
    1.8556886154174805,
    1.3375024742126465,
    1.0448047563552856,
    0.9386286903381348,
    0.8149531127929688,
    0.7427422332763672,
    0.7298467131614685,
    0.6423111173629761,
    0.6258415168762207,
    0.5568889330863953,
    0.5010734150409698,
    0.4800090854644775,
    0.4564355848312378,
    0.4115992740392685,
    0.39460273611545565,
    0.3892350716114044,
    0.37443759820461275,
    0.3770765915632248,
    0.3688530427455902,
    0.3233698908805847
  ],
  "client_losses": [
    [
      0.031286104953369726,
      0.1625244880251924,
      0.08891360986002199,
      0.039265798091772844,
      0.14345407493791337,
      0.031039773719115638,
      0.16249095486529866,
      0.08875464427444568,
      0.04063829027562021,
      0.14342898456390293
    ],
    [
      0.023628300007787872,
      0.14190878740908816,
      0.0679167661283339,
      0.030785905858742846,
      0.122082493882942,
      0.02309219345487414,
      0.14085938884557292,
      0.06765446584680446,
      0.030370138917030554,
      0.12279558386253772
    ],
    [
      0.018821549021701987,
      0.12363758531119702,
      0.05574216756902106,
      0.02571682103445356,
      0.10779629936957427,
      0.020722021576442297,
      0.12509042272102278,
      0.05668081569729932,
      0.024394998383434653,
      0.11005164456611637
    ],
    [
      0.0184897071252257,
      0.11081473841767298,
      0.04833514131133748,
      0.022597702397697747,
      0.09869126620286771,
      0.017104629795023505,
      0.10906105603028735,
      0.048223801557963714,
      0.021397174423111873,
      0.0981971312853071
    ],
    [
      0.016941970816739507,
      0.10074958678621639,
      0.04403602553183353,
      0.021088991501014096,
      0.09045212845712648,
      0.016214003052979112,
      0.09990702321065258,
      0.04241405214188022,
      0.019658797329637025,
      0.0893806940569716
    ],
    [
      0.016592482054656146,
      0.08944104203673045,
      0.034431769820967385,
      0.016904796530445902,
      0.08378150452665016,
      0.014216948248005573,
      0.09072933070542193,
      0.0352038867992294,
      0.01846336347220595,
      0.08186640736620641
    ],
    [
      0.013546975082745489,
      0.07840211374473209,
      0.03085646387404755,
      0.016548840079952044,
      0.07259369525048187,
      0.014568011717127698,
      0.07801969972582326,
      0.030134066981277102,
      0.016250526162602617,
      0.07514260494655345
    ],
    [
      0.012886105157734412,
      0.0698881996188469,
      0.024453632395425716,
      0.013923195908451787,
      0.06866578262662357,
      0.012912479012633819,
      0.0686646912957857,
      0.024667565757796,
      0.014012398642123171,
      0.06934395415476907
    ],
    [
      0.012940638863439314,
      0.0631518051165689,
      0.02243580947348318,
      0.013774197093206935,
      0.06418299869365864,
      0.01120402737407031,
      0.06237352734045557,
      0.0232174720843073,
      0.012714226615740697,
      0.06201313248567157
    ],
    [
      0.012440393775462641,
      0.057923141923058016,
      0.019768564575223364,
      0.01159380273153581,
      0.05944965769326325,
      0.011769784094416084,
      0.0544844432897147,
      0.019821751531417048,
      0.010785058561976686,
      0.05951692770187885
    ],
    [
      0.010859860145668095,
      0.051695843337398885,
      0.016725755760475903,
      0.009581566726464378,
      0.05489515757282912,
      0.011118409194211453,
      0.04997990519920241,
      0.017282935709364,
      0.009457047999753675,
      0.05340676582560448
    ],
    [
      0.00956129567596273,
      0.04794829572568492,
      0.015454197200600279,
      0.00819052234076676,
      0.05474509693682194,
      0.010276093923430563,
      0.04685523526002814,
      0.01526390296701581,
      0.007934223370509925,
      0.051812700751989994
    ],
    [
      0.008978381706177653,
      0.04334265614455588,
      0.014897209631422596,
      0.007537848046810512,
      0.046892561768471015,
      0.010292676977165077,
      0.043398792452798055,
      0.014912560807480706,
      0.008259969547087371,
      0.049163393551407454
    ],
    [
      0.008823711430599778,
      0.041028901475241096,
      0.013329761643560601,
      0.006372626212471875,
      0.046976448933641286,
      0.007840393542702802,
      0.04140522861624308,
      0.013266726029165744,
      0.006935269522409083,
      0.0464775212638943
    ],
    [
      0.008603213373378566,
      0.04033842246880762,
      0.013674156994419588,
      0.0060917327803418665,
      0.04228571007825371,
      0.008513095547916249,
      0.038629897890419915,
      0.01209416343078767,
      0.006054300394299676,
      0.043366775010386216
    ],
    [
      0.007450367572056487,
      0.03704972021310686,
      0.011306187878593967,
      0.00587089668835833,
      0.041171551978762794,
      0.008216186967080482,
      0.0369566805576059,
      0.011868599240867663,
      0.006242035481613573,
      0.03986093235965082
    ],
    [
      0.0061281391385793514,
      0.034395089986908635,
      0.012000423289293485,
      0.006742530197694109,
      0.03978962908219415,
      0.007382368168855438,
      0.0361677745895683,
      0.01170820400665834,
      0.0046194594178072396,
      0.03894194285887804
    ],
    [
      0.006261222268145588,
      0.031911577129952816,
      0.010686892795384038,
      0.005072828076136677,
      0.03561327994447583,
      0.007481970946298246,
      0.033973100484913574,
      0.011567052196146649,
      0.004662230583245631,
      0.03692015124637486
    ],
    [
      0.007164793155748271,
      0.03074128501245037,
      0.010608012386943425,
      0.004379011665094373,
      0.03576113803034627,
      0.006613897555829981,
      0.03245340124809551,
      0.009862016838517146,
      0.004271048210523877,
      0.03612852996760469
    ],
    [
      0.0065476888501117885,
      0.02948370287564506,
      0.009629879963790538,
      0.004862278884668454,
      0.03340048388539193,
      0.007838216896708716,
      0.030271137905497323,
      0.010221314844032147,
      0.004183825249506676,
      0.03358388871257062
    ]
  ],